theme_id,主題,檔名
theme-01,軌道交通,theme-01_軌道交通.webp
theme-02,道路英雄,theme-02_道路英雄.webp
theme-03,藍天與海洋,theme-03_藍天與海洋.webp
theme-04,社區守護者,theme-04_社區守護者.webp
theme-05,城市建築物,theme-05_城市建築物.webp
theme-06,地底秘密,theme-06_地底秘密.webp
theme-07,街頭美食,theme-07_街頭美食.webp
theme-08,綠色公園,theme-08_綠色公園.webp
theme-09,金錢與商店,theme-09_金錢與商店.webp
theme-10,城市聲音,theme-10_城市聲音.webp
theme-11,夜幕低垂,theme-11_夜幕低垂.webp
theme-12,未來智慧城,theme-12_未來智慧城.webp
theme-13,恐龍帝國,theme-13_恐龍帝國.webp
theme-14,神秘深海,theme-14_神秘深海.webp
theme-15,奇幻森林,theme-15_奇幻森林.webp
theme-16,極地冰原,theme-16_極地冰原.webp
theme-17,微觀昆蟲,theme-17_微觀昆蟲.webp
theme-18,天氣魔法,theme-18_天氣魔法.webp
theme-19,沙灘探索,theme-19_沙灘探索.webp
theme-20,植物的秘密,theme-20_植物的秘密.webp
theme-21,太陽系家族,theme-21_太陽系家族.webp
theme-22,深空探索,theme-22_深空探索.webp
theme-23,時間的足跡,theme-23_時間的足跡.webp
theme-24,地球守護隊,theme-24_地球守護隊.webp
theme-25,日常職人,theme-25_日常職人.webp
theme-26,運動英雄,theme-26_運動英雄.webp
theme-27,音樂與藝術,theme-27_音樂與藝術.webp
theme-28,AI與機器人,theme-28_AI與機器人.webp
theme-29,虛擬世界,theme-29_虛擬世界.webp
theme-30,超能力覺醒,theme-30_超能力覺醒.webp
theme-31,探險家裝備,theme-31_探險家裝備.webp
theme-32,動物訓練師,theme-32_動物訓練師.webp
theme-33,綠色未來能源,theme-33_綠色未來能源.webp
theme-34,星際移居,theme-34_星際移居.webp
theme-35,思維魔法,theme-35_思維魔法.webp
theme-36,夢想發射台,theme-36_夢想發射台.webp
